10 Cloverfield Lane,0.064960657,#79a296,#42716c,#757667,#67431c,#dcc781,#393f38,#342311,#9c774a,#5a8b83,#e1efc6,#935c0f,#1e575a,#103940,#51574d,#4d3015,#96c3b2,#188799,#7b5d35,#b09671,#e4b21a
12 Years A Slave,0.123124392,#7d7f71,#464539,#baba8e,#75583e,#39372d,#edf3e9,#60604f,#a2a38d,#d8e3ce,#4e5449,#5b4028,#a9b8aa,#8e8358,#7e9898,#736f5c,#959378,#5a6a67,#293e40,#c4cdb5,#402b1a
127 Hours,0.158752301,#9b6130,#3a1f0d,#b2b6b4,#107394,#3d3a3d,#d7994d,#80766d,#7b431c,#7cb6dc,#e0c793,#8f959c,#ecf5f5,#592f15,#bf7a38,#b99773,#56829e,#123d5d,#ecbd61,#1ca8c1,#4f5869
1917,0.141472484,#97aea2,#6d6e4c,#484332,#b1c4b5,#57605a,#414b47,#e9bf6d,#c7cebb,#a79f79,#5c3812,#092334,#c89039,#6b776d,#33352d,#e3dfc3,#5b593f,#84835f,#34200c,#8e5b1b,#235267
2001 - A Space Odyssey,0.090514423,#829381,#4a3930,#e0d9ba,#8d0317,#c7a892,#344a4a,#af320f,#5e5349,#9cac96,#ac9260,#b8c4aa,#5a0d1d,#a86a76,#148c82,#6e766a,#d6890f,#856444,#094648,#952e4b,#486663
300,0.165271314,#c8b06f,#655031,#f0f0db,#9a7843,#392f20,#dcd2a2,#638078,#781114,#796a4a,#afa47b,#835f31,#fbfbf5,#4e3e28,#e5e2be,#46605e,#2e4444,#968761,#b39458,#afc7b0,#cbbf8d
A Dog's Journey,0.129966053,#7f9590,#57472d,#bdad8c,#8a6f2a,#5c564d,#c7bda6,#3f3826,#6c6c64,#44443e,#7d694c,#a4977a,#a2b0a5,#245160,#523216,#6c5936,#9a804c,#705116,#b7c1bc,#35291a,#dbd3be
A Quiet Place,0.061680117,#85968b,#5d6250,#4a3e1e,#cecba4,#67542a,#9e8b5d,#417e88,#305757,#e8f4d1,#124142,#950204,#4c4d39,#747866,#a7c3b8,#826e40,#333c31,#3d1d0b,#b6aa81,,
A Simple Favor,0.159118783,#d8e6df,#4e342a,#7b6256,#99a19a,#b6b9a2,#4e5755,#606865,#879f40,#3e4343,#828c89,#1b4c5c,#c2d4c7,#a0c2c0,#3c511b,#f0f5ef,#3a9ba2,#988472,#5f4b40,#727976,#64712f
A Star Is Born,0.102828675,#7f7669,#cedec8,#454845,#400605,#8c988f,#107570,#931415,#704c3e,#14af9a,#56625e,#4f2c23,#0a4a4d,#2d3332,#b93b36,#ebf5da,#598789,#670908,#c08c66,#afbbac,#79bfb9
About Time,0.19243894,#283f47,#ded5c2,#6a5c50,#4b2e1a,#a59d93,#97785f,#cbc1b3,#704e38,#352415,#4c6673,#f1f7e2,#8b8881,#40362d,#ae9273,#866349,#4f4944,#bbafa2,#797269,#5b3f2b,#e5decc
Ad Astra,0.103265306,#769495,#54605a,#b8c9bc,#383a33,#780f03,#ae7e5b,#838170,#9ab1ab,#544b3d,#471304,#1c3b47,#627a79,#3b6c77,#746754,#354e53,#dde1c6,#cab995,#9d9c88,#9c4e1e,
Alien - Covenant,0.075679203,#90a59d,#48483b,#e6f3df,#657c7c,#455b5d,#13a5aa,#a3b7af,#1e2f33,#79908e,#dac98e,#760514,#2a3c3f,#536b6d,#364b4e,#a3885a,#636251,#c1d2c7,#114a57,,
American Hustle,0.153867311506889,#896340,#b9b298,#472913,#4c4d44,#a29f8c,#a8834d,#724e31,#e9dfc9,#af9773,#9f750f,#727973,#593c25,#948974,#143250,#d2b369,#d4a10d,#643608,#83530a,#35332a,#676255
Annabelle,0.060383948,#58493a,#ddd9ba,#6e7572,#c8b38d,#2d373d,#f1f4f0,#485675,#645c50,#3b2b1e,#99907c,#758fa4,#3f392f,#434a48,#cc944e,#857259,#aeb3b0,#7e5132,#0e0f36,#533523,
Annihilation,0.097722032,#444336,#b3b3b4,#977a5a,#e5e9e5,#83817e,#7c5c40,#442e1e,#a3988c,#32454f,#122738,#d9b471,#c88722,#6b6c61,#46636f,#627d8c,#859dad,#61442e,#cdd0cf,#56574b,
Argo,0.165037519,#755e30,#333728,#c4cab7,#9e9c8d,#445a63,#d6e0cc,#868374,#604718,#b7b49f,#edf8ea,#2b4149,#587684,#b29667,#484736,#575749,#7c9498,#463613,#927947,#d7ba37,#9ab3b1
Avatar,0.09873805,#9c896a,#132a4a,#f5f8fa,#505e60,#a9bbc9,#2c56b7,#cfdae0,#314c5d,#90a2a7,#434c48,#76898e,#1a3c7e,#2e3c3e,#457287,#b151be,#687370,#443827,#cdbc99,#725b40,#5092db
Avengers - Endgame,0.05941176121660784,#170d0d,#506072,#cdcecb,#342924,#144b4a,#0f3635,#67788b,#847256,#3b495d,#f0ecec,#572f1a,#36bdb0,#268a7f,#a9acb0,#7f8fa2,#2b3444,#655741,#1b6862,#a49474,#473f37
Avengers - Infinity War,0.12194530746054502,#4c7a99,#ddd9d7,#352c2b,#746a63,#c59564,#9a7744,#705235,#17293f,#f3f2f1,#5a301b,#bbbfc4,#1c4669,#8e847b,#483f3d,#9b4c23,#a5a09c,#500203,#585454,#d4a021,#ab090c
Baby Driver,0.105046523,#736869,#d6ac93,#524039,#c12249,#ebe2da,#32373c,#154875,#4b2b1e,#83848c,#4b555b,#733b28,#ada3aa,#dec8b9,#8e5d4f,#9e8721,#71070f,#b6907f,#9b776c,#ca3659,#6b514b
Batman V Superman - Dawn of Justice,0.116852094,#a57e51,#c6cbb9,#474843,#b3b2a0,#707268,#4d3523,#68492c,#84867a,#4e6366,#615c51,#c5a06e,#e3e3c8,#648c8f,#223741,#876138,#979b8e,#8db2ae,#337a84,#36342e,#dfc898
Baywatch,0.222393009,#939696,#3a3b37,#d1d5d7,#a8081a,#55554d,#103f5d,#e9c427,#4697ab,#aaabac,#ab7d63,#794b31,#102538,#c99d7f,#ca632b,#573522,#ece9e8,#656c6d,#b0c2cd,#7b0513,#88684d
Becoming Jane,0.128663579,#624433,#8e939b,#d5dee9,#725f4d,#414a4c,#bec4ce,#585f64,#737265,#cbb3a5,#474534,#5a5344,#edf2f8,#517143,#7c9c68,#2b3333,#8c6d5a,#707c87,#b19886,#a2a8b6,#403526
Birdman,0.090472105,#6b4131,#beb5a9,#3b2f20,#725d4b,#e8e5e0,#0d3f5f,#4c3f30,#8aa3b3,#c1cfd2,#24849e,#7a8084,#34383b,#08213c,#544f47,#7d5a0e,#877460,#a78f7f,#0f6481,#523608,#616566
Black Swan,0.06699115,#ded8c9,#7c7779,#4c4343,#553529,#ac9a98,#3c3534,#6a6466,#765246,#896256,#95776f,#2a444c,#bfb3b0,#834424,#622b17,#d6dafc,#684234,#595254,#978889,#44261c,
Blade Runner 2049,0.090528644,#686f70,#95520f,#e0d0b6,#552c0c,#deb577,#afb6a8,#a8763a,#465558,#d38413,#b0650e,#361d0b,#32403d,#5a0b64,#0e3049,#ca9551,#783b0a,#919086,#54a09c,#6b1106,#655440
Bohemian Rhapsody,0.072829947,#978373,#68523f,#950393,#d0c0ae,#4b3d2f,#4b2817,#630482,#a69f97,#342c22,#49545b,#86532f,#e9decf,#9f6d47,#683c22,#c28c57,#7b695a,#c8a284,#5d7d88,#2e0549,#203748
Bridge of Spies,0.072368183,#4e3f32,#0d181e,#a4b4b1,#08070b,#668283,#1b333c,#2e7c8b,#d9d8d1,#605b4f,#97a199,#3f5d64,#332c24,#204754,#81908a,#bdc6c0,#313b3d,#7e7968,#576c6e,#404d4d,#6ca2ab
Brokeback Mountain,0.083764035,#040304,#637a91,#412d29,#4f5c5d,#c3d6ee,#2f201d,#828e96,#29394c,#52403a,#6f645e,#eff6f8,#737b7b,#5e524c,#a5bad1,#5c6a72,#9ca5a8,#393e3b,#424c4b,#8f7d77,#7f9cc0
Cabin in the Woods,0.06699552,#eaf4f7,#5b7e95,#675d54,#8ca2aa,#393e3e,#960923,#be3954,#4a6173,#c9d5db,#81898a,#550913,#1e2d39,#342f2b,#494f52,#b5beb5,#6d7173,#25455e,#584137,#ada18b,#90795c
Call Me By Your Name,0.1907073803019877,#b5bfa6,#243339,#e0f5dc,#73847b,#3b2e26,#917e62,#566c30,#5b3f2f,#676d5e,#a0ab5d,#d3d6af,#42433d,#a29d82,#7a5d47,#7b8a45,#c0be83,#395c66,#82a79d,#1f72cc,#c7e9d3
Captain Fantastic,0.116372081,#1d2e3c,#c5c1c2,#574c41,#71757c,#8b6c57,#888f9a,#ded8d5,#394751,#3f3b2e,#daae8d,#5d3827,#764e3b,#452419,#9e826e,#715f51,#ac978c,#f4f0f0,#505f6c,#5f6e2b,#ababb0
Captain Phillips,0.16150461194228238,#d4c4ba,#24323b,#837872,#65727d,#a18e81,#9d7556,#564b45,#3b230f,#0c4865,#989fa5,#021a36,#f2dbcd,#bcb3ae,#364550,#4c5a67,#61381f,#6c635f,#b2a499,#828990,#3f352c
Casino Royale,0.092141242,#747778,#90b4e5,#406379,#4c4d45,#c7cd75,#5882ae,#e5eeef,#aea9a7,#2b455a,#53190f,#918e8d,#5f6059,#c5c5c9,#819dbe,#383d36,#806b55,#192b3b,#523c29,#734d39,#a77d63
Children of Men,0.08532153014472271,#99af9e,#272b1d,#798170,#cfe3c6,#3b3e2f,#f2f8ef,#916343,#304544,#674427,#3a5155,#492011,#b5bdb7,#65695b,#80958d,#bd926c,#4f5446,#5e787c,#233534,#bf0303,#4b6367
Cloud Atlas,0.12252353394070124,#969197,#625a5c,#95a7bd,#e9ecf2,#4f647f,#5f4236,#193047,#cb9b14,#7c7376,#414959,#3d3638,#bfb2a9,#cfd4da,#104772,#865e42,#b0c2d5,#6a83a1,#1c77a2,#481711,#a18a6e
Constantine,0.0811944688836855,#506153,#c3bc87,#333b32,#967846,#f1f3e3,#3a1812,#4c452d,#a09a6e,#b7c1ba,#5a2a1a,#7d8261,#5d5739,#96aaa2,#424d42,#7f4228,#6d6a49,#7c8e84,#e0dec1,#627269,#3c3321
Contagion,0.1253305,#8c9d85,#a8681a,#b0f1ee,#454d3b,#698271,#423217,#8fc7d2,#eced98,#294457,#6c6a47,#714615,#f1fbee,#5caee9,#3d0d14,#a59854,#263331,#73a2a8,#aebe9f,#47749a,#7e1517
Crawl,0.114930851,#8ba09e,#596c67,#cfdada,#4d4338,#897964,#377345,#2e332d,#e5c19a,#7c8f8a,#324440,#c82f54,#9acc54,#bb9380,#465654,#687e79,#685e4c,#b7c5c5,#e8f2f0,#3d0f13,#a1b1af
Crazy Rich Asians,0.117818854,#6a787f,#c3beba,#383d3a,#553c33,#6e4f42,#4f0420,#2072ad,#a3a9ac,#937c70,#0d7156,#f0efec,#7e0535,#3a2b25,#4f5452,#0e406e,#d9d5cf,#74655d,#10b081,#9c6447,#949190
Creed,0.105984689,#403c3c,#d0d3d0,#7d7977,#afaead,#5d5a5b,#6c5345,#432f26,#9f9c99,#806859,#6b6a6b,#8a8a8c,#c0c1be,#6b102a,#584034,#eaf5e7,#0d1b34,#4e4b4c,#244a76,#9d8273,
Criminal,0.148683599,#c1d1c0,#53584c,#b8964f,#d7e8d3,#9c9d88,#778a85,#796448,#e0c487,#1a3c44,#482e1a,#a8b8a7,#3f757a,#8b8269,#63492f,#9cd9d6,#eff8ee,#55a8b0,#424337,#26595e,#6a7163
Dallas Buyers Club,0.12932641923774282,#a19879,#64674e,#e8ede4,#432e1a,#838872,#c1bca0,#3c5a4e,#607b70,#83a299,#cdd4c5,#8d6e3f,#765431,#591514,#98875f,#aba98f,#7a7858,#56543a,#3a412e,#5a3e24,#a5c3b2
Darkest Hour,0.05257918929251311,#14161a,#bbada0,#17110c,#41403f,#817b73,#6a6560,#030205,#303033,#f5eade,#402206,#584533,#8b6c52,#75400a,#dbcdc0,#a5886c,#6d5641,#9f968d,#660601,#54514f,#453526
Deadpool,0.111604671,#363d44,#d7d7d8,#888a8f,#730b31,#6f7880,#acb1b8,#5c646c,#b50003,#844c27,#45080f,#48515a,#cfaf83,#604643,#780202,#83645f,#979ea6,#b98d45,#bfc2c9,#4e2b26,
District 9,0.11997167338963921,#44311f,#9b9286,#e5e6df,#6d655b,#cab99f,#545148,#8c0215,#8e6a4c,#73553c,#afa697,#c9a175,#f4dd06,#d3d0c0,#59442e,#aa8462,#49686d,#6c7a7a,#b7bab0,#3f3e36,#877b70
Django Unchained,0.12543066538853215,#908f9b,#f5f5f8,#8d4730,#beae99,#7f0102,#8c7971,#073c71,#414353,#491c0b,#776055,#ab9978,#4d362b,#aeb6ca,#dbdde9,#a35b0a,#634a3d,#d6c9bb,#362621,#a27250,#6c300f
Dolittle,0.12007591,#8a9597,#655d4e,#e0dcd9,#50361d,#b1a94f,#89993d,#c5cacc,#375d60,#343527,#183e3f,#8b6b45,#d0bfa7,#6d7f2a,#6d7472,#b4a086,#342615,#4a5d1f,#6f4f2b,#968268,#a7b2b8
Don Jon,0.084612848,#876f57,#bbc0c0,#4b3625,#b9aa98,#0c1938,#f6fbf4,#585651,#b08b60,#5d4735,#2a3c64,#313332,#929691,#795741,#d9db77,#424441,#392617,#7d7d77,#dce3d7,#686863,
Dora and the Lost City of Gold,0.11791441068695316,#d1e3c9,#3e3d31,#787d6e,#5f6252,#c1c6ad,#84634c,#10646c,#dfbb69,#183941,#a0856a,#aba58d,#9ab7b4,#aa5016,#839691,#3f4f50,#54737a,#4b2619,#f1fae7,#c38729,#614835
Downsizing,0.195087957,#8c6950,#dfe2d4,#494945,#a9a59a,#bab6ab,#8b8175,#64848c,#6a503d,#635d55,#cacdc1,#f4f6ed,#3f2617,#0b3048,#543a29,#b68869,#425e69,#84b9be,#93948d,#82381c,#737069
Dumb & Dumber,0.10348711319667138,#5d5965,#cbc2d3,#95817e,#5e3e33,#4b474e,#89685d,#eeeef6,#272e40,#37110b,#194197,#716d7b,#9a3a2d,#f5e622,#403937,#8986a1,#a4aadc,#afa0a6,#695248,#711a12,#814e44
Dune,0.109884169,#343636,#a59581,#5d6368,#8f592a,#d7d0c3,#f6d273,#482c1c,#8e7d6c,#4f4136,#7b6959,#f7f2e3,#ddad5a,#464c4e,#c4bbac,#675344,#b48041,#9ca6ac,#7a8792,#c2ad8f,#6d3b15
Dunkirk,0.19800714635775876,#5f655c,#c5b69b,#918570,#404941,#9ea192,#787d74,#e3d4ba,#b0ae9a,#919488,#42372a,#f7ecd2,#50574f,#82887f,#293b35,#654c38,#c68f2a,#ad9c81,#836750,#cfc3aa,#6d7268
Edge of Tomorrow,0.11140211,#343d40,#c8bcb6,#747978,#e1bc91,#51595b,#989e9b,#b2ada8,#3a312b,#e1cdc1,#50463e,#8a8a86,#196169,#646868,#92330e,#8c705e,#0e3946,#b89270,#3f4b4f,#6b594a,#253133
Elysium,0.131621668,#9c8265,#e0e0da,#474641,#baa487,#535f65,#d1d1c8,#343532,#105075,#7f5331,#81a2b3,#746b5e,#f1f4f2,#969289,#aaada5,#4a7995,#7d7d78,#aac2d1,#5d5549,#513723,#c6bfb0
Ex Machina,0.055281423,#666f7c,#f9f8f9,#543d2b,#9fa2a6,#490201,#5c5242,#404854,#c64113,#9e9183,#2c3136,#535b67,#404038,#706552,#7f8690,#3a2e22,#d7d5d4,#700b03,#847869,#b7b9be,
Fences,0.084893655,#9b8c73,#3b271b,#645849,#c5bfaf,#767369,#533123,#a09988,#3e413b,#534d41,#888377,#726756,#b4a994,#3d342a,#89785f,#674634,#7f5d45,#565f5c,#e7dbcd,#4e4032,
Fight Club,0.06428080340358779,#333c33,#78877b,#090b0a,#becfd0,#516156,#356876,#4e4027,#15303a,#a1b4b6,#61583b,#9b8e6e,#8a9c9a,#dce8e6,#362e1c,#62746c,#558896,#c5be9c,#254c54,#767253,#434e42
Flipped,0.0766855460702782,#ac7b6a,#362f2b,#756467,#49403f,#d5c2c7,#3e2119,#7c5745,#9190b0,#936857,#605251,#652a1b,#ab8f8f,#395c7f,#644535,#f0e4e7,#8c797f,#be722f,#bda6ae,#4e3529,#8a4529
Free Guy,0.135601495,#545e68,#aba19a,#42474c,#eef0ec,#5c7c96,#0e324f,#9e705b,#747172,#650489,#19587d,#8c4725,#8c8987,#e9c490,#38221b,#6b574c,#849eb4,#d69c47,#2c3033,#cdd4d5,#adbac1
Game Night,0.059336311,#625b47,#e3f2f2,#3b251a,#a5aeaf,#8a918f,#686f6b,#4d4a3c,#333228,#4b3927,#8d7f65,#c7d0ca,#684931,#3b0b5b,#2a6b74,#3f97a5,#7e674a,#264247,#bca677,,
Gemini Man,0.081168841,#a79583,#43484d,#815131,#eceeed,#c1ad98,#576169,#625348,#c5cad7,#b7733e,#e5caae,#da9a73,#7c685b,#363839,#533e2f,#937e6f,#3e291d,#1d566f,#9bacb5,#72838f,
Get Out,0.120562675,#b39e87,#68645d,#e9e4df,#3e3e3f,#7b7976,#584135,#9fd1ec,#cecdd2,#928f8b,#53514e,#6c8cb3,#836c58,#1e3459,#9b836c,#c7bdb2,#49617f,#43322a,#705643,#a9a8aa,
Ghost In The Shell,0.058064343,#5a7a99,#2c3135,#e1e0e4,#b3c0ce,#174d69,#9b5c4c,#3a454b,#a1a6a9,#74131d,#34627e,#6b6f72,#0e374d,#54585b,#209ab9,#898b8d,#092639,#583c2f,#779ec7,#cfc2ac,#371b15
Girl with a Pearl Earring,0.09025585600297475,#796a6a,#b2afba,#3b3638,#9c9aa2,#565459,#644038,#c4c4d2,#8d7b7b,#636269,#50494c,#888893,#959abd,#4d231e,#443f43,#a5898b,#695856,#f4f5f6,#ba999c,#dde0e6,#75757f
Glass,0.044598876,#655051,#a09896,#e6dad2,#68696e,#34383e,#c5b5a8,#684322,#13736c,#4f555e,#202a34,#3d2e2c,#3e4650,#87675d,#837f81,#1f3545,#4f3f3e,#472810,,,
Godzilla - King of the Monsters,0.054240814,#108585,#8d5e31,#d2c6a6,#275257,#74a897,#084852,#55584d,#263838,#847c64,#52857b,#49351f,#0b6368,#13b3bb,#bca378,#b6843d,#053640,#6c4523,#336c6c,#4d1306,
Gone Girl,0.06252821831418626,#070c03,#afbb8b,#4b491e,#dcf3ce,#2d2b0d,#536353,#454f37,#547072,#3c504e,#5e5d30,#727344,#bcdabc,#8dc2b4,#8ca180,#3e380f,#959051,#669494,#2e3d38,#353b21,#6f8067
Gravity,0.13651726575717796,#cedbc9,#5c6463,#9baca5,#484e50,#9d690b,#306072,#899590,#ccac0f,#5d3618,#795842,#b5c2b6,#123446,#d7c985,#e3f3de,#477583,#b18d66,#747b77,#1e4a5f,#363c3f,#351d10
Green Book,0.101823319,#392518,#a59a9e,#454440,#d8cace,#074966,#5d554d,#7f7877,#052e4d,#f6f1f5,#775b3f,#4d3625,#73665b,#8e7459,#34322d,#b9b0b9,#c7ac94,#604832,#a18b76,#8c8890,#566374
Hacksaw Ridge,0.117710728,#655436,#bca06f,#46351f,#a9a994,#a08a5e,#e2dfc5,#3e3f33,#6d6e5e,#804a0f,#c4d5c4,#81806d,#d8c886,#95947f,#766443,#55452a,#332616,#5b5d4f,#8a774c,#4c4e41,#b97f1d
Hansel & Gretel - Witch Hunters,0.074608324,#a59d90,#582e0f,#d9d4c8,#485e5d,#b3721c,#5b0508,#391d0d,#c6c0b4,#706e66,#254446,#916948,#8d8579,#474338,#f9f8f7,#b5aea2,#ca9b5a,#7e4714,#645445,,
He's Just Not That Into You,0.09622609395650032,#c3a681,#5c4d3b,#aeb8a7,#716452,#473325,#efe5ca,#949988,#35403b,#592813,#3f1e10,#6c3d21,#ac8564,#9a6b48,#178086,#465f61,#855130,#7e7c6c,#d0d0b2,#10515b,#7eadaa
Her,0.139316292,#cbd3ab,#706045,#55412a,#8f8262,#d1b382,#adaa86,#8c231c,#515345,#342615,#bbc5a4,#635036,#c9c197,#54160f,#d6e4c3,#9f9672,#3c3f33,#44321e,#b53729,#6c705e,#827150
Hidden Figures,0.08279243059684227,#504f47,#938171,#100d0d,#a9a9a2,#36201a,#9c6148,#61615b,#404038,#858c8c,#603f30,#d19869,#3c5f71,#715840,#c5bcb1,#6d787a,#1b4954,#a19a8d,#4e2c23,#08233c,#7a6e60
Home Alone,0.089864049,#968fa2,#605561,#361116,#c1b8d0,#5064c5,#6f6779,#41477f,#664046,#a06e30,#1e2fb1,#0a7e04,#a77f89,#49434f,#dad5e5,#403238,#672223,#8298f2,#83798c,#0d0f4b,#afa3b6
I Am Legend,0.07394256720323492,#5b5346,#a5aaa6,#bcc1bc,#493d30,#7c7a72,#79959d,#0d647d,#e4e4d9,#371b0b,#552d14,#999386,#36484b,#d2b78b,#223035,#9f681d,#372d20,#796551,#704927,#4f656a,#ac8558
IT,0.095721882,#85a6a0,#4e4f41,#6e6f62,#dcdcd6,#2a401b,#7d8179,#aca898,#4e5927,#8c7f5c,#355054,#6b723c,#552f24,#c0c4b7,#73503f,#516c74,#949083,#5a5f55,#213b3d,#3c4032,
Inception,0.07635720199943857,#08141a,#b1a48c,#3b4c55,#4d4235,#7f7160,#dcd4bc,#0f3f51,#4b2a07,#c4bba6,#909e9c,#9f7321,#2c353b,#3a3023,#675645,#6a410e,#082734,#9c8c79,#0d5f70,#57646a,#748083
Inferno,0.093762575,#f8faf5,#6e6a61,#c9beab,#79563f,#926e57,#4a2f1f,#a3a395,#560204,#49413b,#e9d8c5,#565450,#cda77e,#63412c,#c48130,#84877c,#a88970,#972415,#214751,#427c84,
Inglourious Basterds,0.11654272945515058,#3e4942,#c0bea7,#6d6553,#7e7c6a,#ebefe0,#392a22,#724a38,#f09f38,#912123,#4d6156,#968e78,#97694f,#5a786e,#5c2b24,#dbdac2,#aea38a,#4b3d31,#c45c2c,#7ea29a,#5b5143
Insidious,0.10132357260980467,#5d5a55,#101010,#d2dad9,#949d9b,#fcfdfd,#48585f,#3b4344,#848987,#b8c2c2,#6d7c7f,#343836,#66030e,#370409,#a3afb0,#abd9ea,#756f6b,#494d4b,#e3f1f2,#5b686b,#7898a9
Interstellar,0.08764586573655479,#6b706e,#b1a7a0,#323837,#735e47,#c5b6ae,#134658,#99510c,#4a3c2b,#a28b72,#ebd4be,#444a4a,#673910,#80847f,#877654,#3b2a18,#ebc47e,#5e4d38,#979691,#535e60,#d59319
Jason Bourne,0.097833304,#7c878c,#b1bcbe,#4b535a,#ebeceb,#29688c,#a6672f,#13243c,#743914,#133e6a,#606d75,#97a3a7,#402617,#6a5245,#cfb994,#409bbf,#896f5e,#b2906c,#d1d4d1,#4f3c31,#323c47
John Wick,0.05686238590769675,#030404,#49a49a,#273d32,#a39246,#357c78,#c4f2b8,#75642d,#58421a,#14666c,#1adcb9,#104d53,#bec872,#118ea2,#3b250d,#07194b,#0a32a2,#7cd3b1,#0c3a3c,#3c5d4d,#718b6d
Jojo Rabbit,0.094160228,#877e60,#645439,#7d0104,#b8ab8e,#4a4230,#4b2b16,#6c832f,#67756d,#8a9083,#76684d,#9e724a,#c3ccb9,#9db0ac,#aa9271,#895926,#264243,#486416,#4e5b51,#683d1e,#550103
Joker,0.08476000042838892,#040f10,#b8b184,#37433d,#737c61,#c4d6b6,#78603e,#45a996,#554b30,#80c8ad,#a3835e,#138082,#e6e8df,#6b3614,#4f6251,#ae431a,#8d9d7d,#0d575c,#07353f,#402f1c,#a6891c
Jurassic World,0.095791723,#28353a,#9c8e86,#61686a,#d8cbc6,#3e4546,#568193,#405a60,#c0b8b5,#38342b,#839aa5,#5c574f,#124a56,#146986,#7a7d7d,#f1e2db,#554a32,#a8a7a6,#856d56,#4d210b,#0c2735
Jurassic World - Fallen Kingdom,0.093942328,#788278,#bac1bb,#3d5453,#6a482a,#f1f2ed,#8d958b,#2f4645,#c98b45,#60716f,#a4aaa2,#d5d8d1,#213636,#4d2f1d,#6a694e,#4d5542,#4f615e,#f0cf7c,#995930,#3c4334,
Justice League - The Snyder Cut,0.113131305,#9aa195,#3e535a,#7c6650,#efe8c8,#10303e,#729da0,#413224,#dcbd91,#9ab8b5,#306b78,#79817b,#c0cfc1,#a3602d,#54676b,#594b3b,#b98e62,#2e3e45,#54828a,#6f3616,#174b5d
King Kong,0.057964606,#694f3c,#787f81,#3a3931,#a79c7e,#5b5c4f,#acb3af,#474f56,#716d5c,#bdcbd5,#eff4f1,#27313a,#4a483b,#5b6671,#8895a0,#e7db8f,#432c1f,#8a7f68,#364047,,
Kingsman - The Secret Service,0.073468449,#a68a63,#29475b,#c3cebf,#484642,#669bab,#5b5d5c,#ecedd9,#85694c,#39718d,#54341e,#8f928c,#757774,#074805,#142837,#cfb57f,#6e4d32,#33322e,#a4b2ab,#bd8129,#3a2111
Kiss Kiss Bang Bang,0.1506779637009476,#b7832b,#f3e1b6,#295f75,#fad721,#8f96a0,#655a51,#d2a081,#514034,#f6f5f2,#93725c,#8b1c20,#6b7782,#b5bbca,#373029,#e4ad24,#1d2f37,#d73b26,#f8e675,#93e5ef,#3bb7cb
Knives Out,0.087451242,#3c3a2f,#899593,#e1ebdc,#515f63,#d3cd98,#774f30,#9b6a3a,#937f66,#44251a,#e7c330,#32424c,#c4d1c6,#6d7979,#821e2c,#a8b1a8,#5c3a25,#525042,#736751,#b2a077,
La La Land,0.060978694,#66191d,#8c8fa0,#23098b,#595c68,#97726b,#123b53,#443e43,#e9e8e5,#cb9b4c,#cec3bd,#3c1211,#312b71,#9d591c,#0e073b,#4917ad,#130d5b,#6e778a,#a5a3ae,#22728d,#714a44
Les Miserables,0.14848877380819653,#325a60,#a8ac99,#363834,#e6ead1,#7b7d72,#835f4b,#424742,#a78566,#cfd1ba,#7c9992,#362a22,#770a12,#52797c,#f9fef5,#959585,#224046,#56564e,#656861,#bec0a9,#5d3e30
Life,0.03966897,#5e605a,#d3d7d4,#3e3e37,#3c321f,#93a7ab,#75746b,#1a3a49,#4b4e49,#a61518,#577989,#b5b9b7,#8c8e88,#2d5468,#605032,#edf1ed,#0d2634,#cf915e,,,
Life of Pi,0.17620672546059157,#25ae69,#ebe669,#594a27,#787858,#1c3b34,#a6893b,#a6cbbc,#e5f8e0,#8fa797,#506864,#383521,#197345,#36f19f,#6a250f,#caaf52,#896122,#70887c,#3f4c42,#606045,#9c9972
Lights Out,0.098123568,#645845,#bfbeb5,#878f81,#020196,#ece8e8,#020066,#2f516f,#402d18,#927a5f,#0b1ccd,#93b7da,#a5a59a,#b60424,#4f030b,#d1d0cb,#193149,#5a85b2,#42463c,#01023d,#66736a
Lincoln,0.0444916757690324,#281e12,#878379,#091116,#5e5b55,#afb2a8,#333838,#392d20,#8f7039,#020202,#cecebf,#484946,#19414f,#436772,#716d66,#5e8288,#635037,#2d5360,#4b3d2c,#122e3b,#959993
Lion,0.08203554,#293437,#998a7e,#596e76,#beb8ae,#534134,#63615e,#3f342c,#7e8a8b,#704d17,#534f4b,#21444c,#846c56,#3f545d,#6d5645,#3f4141,#7b7670,#d4cec7,#472a14,#a69f97,
Logan,0.125764292,#3f2819,#b2c7c1,#665c48,#edf1e7,#606f70,#8f765a,#7c8c8e,#193740,#d2b491,#444d4b,#efd7b2,#8fabac,#8b5532,#3c3c31,#d09129,#2d5770,#810504,#af9275,#ccdfd8,#5d4027
Love and Other Drugs,0.11538745366720855,#7a8f93,#4f3322,#abb9b3,#35271a,#795641,#5f5c51,#aa876a,#dfe9e3,#8da6a9,#254145,#614432,#8d6d56,#838275,#c8ac8c,#607b84,#c6d2c9,#3b392f,#474d47,#6b6d65,#3e6268
Lucy,0.113357837,#1b4769,#9bc9dc,#82695a,#8f9499,#4c3d35,#e9efe7,#466685,#695140,#142435,#a5aeb4,#4f2f16,#caa98e,#414a57,#1e7ec4,#747a83,#a28571,#5e5f66,#d1cfc9,#a1611c,#6c91b2
Mad Max Fury Road,0.15553149817382572,#e1b8a5,#b77135,#922203,#411f08,#7c94a1,#f4dfeb,#b2b7c7,#854612,#105c81,#60462f,#dc860d,#e0cbd1,#d1894b,#3f2f1f,#a97f63,#580301,#07233a,#597781,#dba073,#ae9e9d
Maleficent 2 - Mistress of Evil,0.09298157179933399,#87764e,#90aa9c,#474f40,#a7976e,#5a675a,#4f4318,#b2d2c4,#20c398,#276f6f,#38260a,#0d474b,#31382c,#6f887d,#d9ebd6,#9aac25,#794e32,#0c8c2c,#66721f,#074d21,#c6c099
Man of Steel,0.124179885,#9da7a9,#3d4c57,#f7f7f4,#887563,#346b79,#709aab,#c58e58,#5f3b23,#e1ddcf,#848c90,#3d3b39,#b6bfbf,#d9bf97,#677882,#1b3c4c,#625449,#af9b82,#945e32,#56626b,
Manchester by the Sea,0.24794772544108837,#565d54,#bcccc4,#8c9c94,#f2f4f1,#323934,#917c63,#3b2a17,#717a71,#aebcb4,#ddeae1,#7f8c84,#656d63,#79644a,#cadcd6,#625039,#ae9e8a,#7a0821,#35757c,#434b45,#9bada8
Manhattan Night,0.072888353,#6b4327,#85847c,#c4af92,#474f52,#b9c4c1,#8f775b,#19384c,#524333,#618f9e,#3a647a,#3a2011,#665643,#393834,#a89173,#865f3c,#4d311c,#6e695f,#e5e4db,#9fa19d,#7f1018
Marvel Studios' Avengers - Infinity War 1,0.122062657,#8b827a,#dbd8d7,#463d39,#c69666,#716862,#ab080b,#f2f1f0,#745839,#482819,#9c7947,#447596,#d5a523,#a39e9a,#e1c298,#1a3b5b,#b9bdc2,#520203,#555051,#a35124,#693920
Me Before You,0.123429048,#b6b8ae,#351b06,#514837,#868172,#8d5839,#f2e9d5,#5d3718,#ac8f78,#686e1a,#675b46,#3d3727,#dccab4,#c8a991,#4b270d,#8d9d9a,#9c122d,#283a42,#744425,#4f686c,#a47255
Midnight in Paris,0.20831332144611506,#44210f,#deb68c,#9d6c35,#e6d9c5,#b58b64,#7b6241,#7a4018,#bbb4a6,#604c2e,#433c24,#0d273e,#d3c9b6,#8c5723,#b57d40,#a29d92,#612e13,#dc9e5b,#4d6a70,#f3e4d3,#c89e77
Midway,0.140589502,#2c383e,#88928e,#bac9c4,#616b6a,#7c0214,#544f41,#95a5a4,#e9eee9,#918b72,#3b484d,#7b7560,#747f7c,#aab6b0,#443e33,#d2c7a8,#4d595b,#aca38a,#d3dbd5,#68604e,
Mission Impossible - Fallout,0.145063654,#ab8965,#344248,#a8ab97,#635b45,#c5d1d2,#81826f,#3a382f,#607685,#7e92a5,#4e493a,#dfd1b3,#867051,#4c595d,#9db0c4,#ecebdf,#6a6d5e,#4b2516,#969782,#bebfaa,#cba681
Moonlight,0.12913946208543836,#cfc59d,#676d56,#515240,#7ca193,#18758d,#907848,#bccec4,#775131,#5c381e,#38a0ac,#afa569,#a2a68f,#3a3930,#e0e6da,#1e3c48,#3e5e66,#8c8b6e,#3b2519,#0e4769,#64827b
Moonrise Kingdom,0.13368126937357547,#b69d6e,#452b0c,#68600c,#d6d6b0,#919d80,#424335,#98834c,#844e18,#c39723,#654d29,#341b07,#bec398,#6d8275,#866835,#b6755b,#67360d,#4f4014,#5e100b,#1f435c,#967314
Murder on the Orient Express,0.117705549,#aca9b1,#79655b,#928076,#2d3540,#d5d0cb,#4e6172,#4e281b,#6f4732,#9699a5,#59504e,#ae998b,#6b7580,#11375a,#483934,#818a95,#ac8438,#67d4ed,#c0bbbc,#394c5c,
Nightcrawler,0.085238024,#235267,#868987,#dad8d9,#5c5e5e,#543928,#a0a19e,#c3184b,#75593c,#bfbdbb,#172c41,#717370,#4c4c46,#39261b,#d1a86a,#7caebf,#f7f5f3,#6f0918,#383734,#2e859c,#997c51
Noah,0.063714545,#9c9e9c,#3e3831,#5d6c72,#b9b3ab,#0e2d3a,#856a53,#24414c,#3a535f,#514941,#e5d3c8,#563e2a,#7c8689,#be7f0e,#9f8368,#6b5645,#3e2919,#775515,#c3a381,#148289,
Oblivion,0.156744389,#97aab4,#556a74,#eeedea,#9e8f78,#324148,#b97e3c,#83959b,#b1bfc5,#636052,#daa46b,#6a808a,#b5ac9b,#eacdab,#875622,#39392f,#ced5d6,#593310,#43555e,#7c7667,#4c4c3f
Ocean's 8,0.082913794,#535156,#a5919a,#f0e5f3,#be0001,#726565,#613e31,#bcacb6,#2e4347,#4a2b22,#966958,#93818a,#d2c4d6,#11406f,#463c3a,#44709a,#837476,#735348,#0b233a,#8e9bba,
Oldboy,0.106092417,#b3ac85,#48746a,#594420,#a18f5b,#e9e7c3,#113d3c,#63968c,#625e46,#b4d0ba,#333321,#919780,#747a66,#195d5c,#424a3c,#8fb8a8,#cec79b,#735f27,#877742,#bfb631,#452f11
One Day,0.16146462419119223,#c6b28c,#225e77,#513512,#e4ded5,#092b3c,#a07648,#655438,#0d455b,#db9715,#5f818c,#3e4039,#1e8fa0,#4b5d60,#85b4ac,#9b8f74,#77725a,#ddc8a4,#cca166,#ccd2cf,#810801
Overlord,0.05081908,#5b6152,#d5d3b6,#4c3c27,#757765,#f1f7cc,#8e360f,#5d1308,#e69d54,#474e41,#b9ad8d,#2f3b31,#3a0504,#7e573b,#0e4748,#efd68b,#c86222,#a6825f,#8d9581,,
Pacific Rim,0.09523292024868218,#6c8a98,#32343a,#bcd4c6,#cf8c40,#3c4d5c,#92f2f4,#3c190f,#9c4b22,#0c1173,#33678b,#53acd2,#6e543d,#eafbee,#8dadb2,#5a6b76,#183853,#dfcf80,#978360,#602d19,#203acd
Passengers,0.08052032530890259,#94795d,#444f4c,#a3aaa4,#5b6058,#64482f,#c6c4ba,#082e3c,#888f8a,#42737d,#433e34,#543114,#7f5b3e,#114e5e,#af6a2b,#6f7670,#3b1e0b,#ba9a75,#7f2508,#e7e2d9,#28383a
Passion,0.091434625,#85766a,#3f4c50,#8b9b9b,#5c5245,#2b718a,#c9d5c9,#637175,#6b4520,#353128,#234e67,#45929e,#9fb7ae,#9c9085,#4e5e65,#293a42,#492b19,#6d6257,#4b4133,#6aa6a7,#758588
Pearl Harbor,0.131380285,#656e68,#aacbd1,#c8ede7,#3a392b,#bda67a,#9d7f55,#4d2e0b,#6da4cd,#5e4824,#395b6f,#f1f7f4,#e9a728,#28404a,#95acad,#ebd799,#7a8c8d,#75603b,#4c5149,#4e7796,#9d5716
Pulp Fiction,0.11878293418376507,#4c3a2b,#c0a896,#8a7568,#b68d77,#ddd1c6,#7f4f32,#372d21,#535e6e,#5f4834,#fcf7f9,#a19a97,#5f839b,#484745,#7e6357,#99887a,#62381a,#ac712e,#313738,#482510,#695549
Ready Player One,0.09351086864311882,#193648,#bdbab5,#8c5f46,#1c79b4,#4d687a,#d4d6db,#5454b9,#134097,#5e3e2f,#0a1734,#6d6f6b,#6395cd,#3c2922,#75858d,#545655,#0e2266,#ac927a,#314e61,#9fb8d7,#949fa7
Red Sparrow,0.05873881174954752,#150c06,#867257,#484c48,#8daaaf,#1c1c16,#537791,#172f38,#46301d,#a79a7f,#e0edde,#6f583e,#342312,#6e7774,#363936,#385b6a,#58432c,#26444d,#596160,#bac9bf,#818e8e
Rogue One,0.07140363941438391,#92867f,#82685d,#e4e5d4,#abb0ae,#109d84,#393534,#74858f,#4b4746,#094d42,#a01029,#513128,#676f76,#b17d20,#cccfbf,#8e9ba0,#c5a58b,#2b3a4d,#6a4938,#5c5c5c,#45110f
Room,0.10488494654891908,#40444e,#b7bec7,#9a9b9d,#877e7b,#336d9e,#50535b,#eff2f4,#4c3f35,#7f8e9a,#9cacbb,#75675e,#2e5171,#d0d8db,#34363c,#576371,#3c2e24,#cc107c,#1b2c41,#645142,#667686
San Andreas,0.118534654,#454945,#9ca4a5,#7f6b58,#e0e3df,#413327,#544538,#8f918b,#cccdc6,#313330,#727570,#7b2c28,#b1afa5,#bcbdb5,#51544f,#5b5f5a,#8b8272,#3d3e39,#676965,#7c8282,#695846
Saw,0.1437952768114169,#a0c2c7,#4c534c,#6592a5,#e5ede1,#427593,#908d7d,#443c29,#293a3a,#34596e,#c4d7cf,#a4aa9b,#697c81,#497c32,#52676d,#80aab6,#2c581e,#142a37,#776e5a,#173b11,#2a4652
Se7en,0.06903409667196515,#b5dede,#565240,#637879,#f4f8ef,#986e0e,#968b70,#6b501c,#0b86be,#332813,#7c9497,#2d3632,#071d61,#4d5e60,#9db3ae,#3a4848,#493a1f,#d6d1b9,#7b6d4d,#980e0e,#cbb570
Sex And The City,0.12947381833337135,#c7c4b2,#48402d,#ae8662,#c1a287,#54554b,#976d4a,#4a2d12,#847e70,#a94578,#436f81,#aaafa4,#e4dec3,#6a3f1b,#716a59,#650b13,#6e9aa3,#852352,#2b4046,#725736,#945924
Shame,0.055971268,#5b736a,#a4a694,#343b36,#3e2c13,#cec9ad,#7c5020,#15414f,#f3e8cb,#9c7342,#20707a,#888373,#72624f,#622708,#74998a,#3d1304,#564121,#39505c,#c89875,#4c5547,
Sherlock Holmes,0.071048848,#9c9589,#6d5545,#dad4c3,#43453e,#856c5b,#d7b97c,#c1bcae,#433325,#5c3211,#8f581a,#65665c,#aca99b,#5a4334,#b68643,#757770,#343932,#8d8479,#53554d,#342314,
Sicario,0.160438681,#637370,#9c977f,#c8c4b0,#c5b493,#435153,#9d7641,#734319,#b3a380,#403d35,#adb09e,#785c42,#878472,#626055,#164153,#472d1b,#dfd6bd,#a28c66,#7c725e,#584c3d,#839e9b
Silence,0.173567486,#7b7870,#d6d6cc,#37484b,#9fadad,#475c62,#51331f,#6c8b91,#323633,#8c9b9e,#68645a,#aaa194,#bbb6a9,#7e5029,#534d43,#c7c7bd,#55747a,#98bec9,#1e5968,#e2e4dd,#8e8b83
Slumdog Millionaire,0.1610591449190569,#c0baae,#575a4a,#ebd89d,#7c6e59,#530a24,#dfb832,#442916,#48777d,#8c8b7b,#aea195,#845827,#d5b17a,#693a1b,#254752,#3d4031,#b68d5d,#79bfb1,#f5e7c9,#c7dcc5,#95184d
Source Code,0.10487704475230736,#46321f,#76a19c,#becebb,#776954,#39413c,#206675,#8d8f7b,#14343e,#586a65,#99bbaf,#468086,#d8bc80,#20a6a1,#1d4b57,#6e8178,#dddfc6,#a4a991,#614d36,#465653,#ab7f41
Split,0.061017158,#9b846b,#34434c,#abc1c5,#725230,#8ea9b0,#4a5a62,#493c2f,#7e7060,#6a5c4e,#7b878a,#aa9f8f,#ecf1ec,#584a3c,#3c3025,#c8bca6,#607077,#d0d8d4,#223038,,
Spotlight,0.12556490585510546,#322117,#818a80,#5b5c52,#b7c7b9,#532717,#93a399,#8a7962,#f3faf1,#49382a,#a8b6a7,#727b72,#656b65,#979784,#76614e,#d3e3d1,#39403d,#0c3341,#4b4c46,#624a39,#435c5d
Star Trek Beyond,0.14076069,#0b2c3e,#80a3ae,#584c42,#ccc7b7,#442d21,#5b818f,#865e40,#a7bbbf,#157890,#303b3e,#6d231a,#114a61,#d8d8d1,#cfaf84,#ad8560,#838c8b,#3c4e56,#6f726e,#4c636c,#a5a49d
Steve Jobs,0.071754732,#808588,#6e574d,#373c40,#e0e1e2,#a1a09d,#0f3143,#1183a7,#372317,#6096ae,#155069,#967362,#792419,#56453d,#79b5d1,#45332a,#b9c3c4,#4c6f81,#6d6c6c,#4b5258,
Sully,0.104472843,#938c89,#5b6b76,#bac5ca,#3e4952,#a5b1b8,#6e625b,#435b6a,#6e7d89,#939fa8,#dae2e7,#594d47,#352e2a,#473e39,#b4213d,#2e3942,#7d909d,#51575d,#7d7672,#c8ae9a,#3b6f8d
TENET,0.141832688,#e8cd39,#8ba28e,#5b6656,#f0edd1,#c1c7a3,#443922,#7a7559,#224642,#663f0c,#444f40,#8d8b6c,#b9921b,#688376,#8c6711,#a3a07b,#655437,#b2b48f,#336766,#4a1108,#2a352a
Tag,0.121934085,#979079,#655f54,#d31432,#f6e2ac,#b5b8b5,#37382f,#bb8065,#81786c,#553028,#fbf8f4,#7f909a,#aba490,#d5bf8d,#556d77,#4c503d,#324c55,#6d8a3d,#8f614e,#6f473a,#d7d4d2
Ted 2,0.217994066,#71742f,#bea88f,#392a17,#5d6a77,#a3a8b3,#40454d,#fdfefd,#0a9104,#8c929d,#d8dde4,#7b6a5f,#183248,#51412f,#204d75,#c2c3c7,#675347,#54585f,#323334,#958375,#5280b0
Tenet,0.14183268804342086,#e8cd39,#8ba28e,#5b6656,#f0edd1,#c1c7a3,#443922,#7a7559,#224642,#663f0c,#444f40,#8d8b6c,#b9921b,#688376,#8c6711,#a3a07b,#655437,#b2b48f,#336766,#4a1108,#2a352a
The Accountant,0.05768239,#233239,#79888a,#d7d4cd,#4b5d63,#234551,#342e27,#bab9b3,#5a4f47,#887a6e,#9c9c97,#463c34,#6f645c,#143946,#325762,#587178,#0d2935,#37454a,#4b3010,#856023,
The Age of Adaline,0.099389651,#999b9f,#61512c,#4b3b1e,#eeeeef,#a38e73,#bebec1,#686b69,#32342a,#8a7455,#afb0b2,#785f3f,#342710,#2c5869,#43453b,#143037,#808281,#58564f,#d3d3d6,#628ba7,#ceac92
The Amazing Spider-Man,0.062072914903127024,#020103,#876d57,#bfbfc3,#2e1907,#353433,#000358,#41698f,#dddddd,#8c97a7,#54412d,#482f12,#5e5f62,#03198d,#15273a,#293c50,#9e8a7a,#6d553d,#75787e,#484a4f,#b7a89e
The Amazing Spider-Man 2,0.10543197113486022,#637e96,#a39fa1,#724a35,#1f4d70,#ab6746,#e7ebee,#207f9f,#6e6562,#323436,#dba06e,#a0c1e6,#9a1717,#719cce,#494a4d,#495f76,#cfc2b9,#8f807a,#1a364d,#21cef0,#4e3122
The Batman,0.034103554,#95816c,#9b0003,#edeae2,#500103,#5c554f,#750104,#ab632c,#cabdaf,#6a7b89,#786959,#4a3218,#d00008,#224f69,#47423c,#ae9c8b,#70451f,,,,
The Book of Eli,0.0936251678007004,#0b0902,#9b8b72,#5d4933,#1e170a,#cebe9d,#7b6750,#595447,#b3a285,#4d3c27,#797261,#686254,#e2d8b6,#3f2e1a,#beb090,#3a372c,#49463a,#8b816c,#a7977d,#8d765c,#6e5841
The Curious Case of Benjamin Button,0.08586878887051272,#3a463e,#828f88,#566c69,#463d27,#bfc4b2,#6d5b39,#362f1d,#89734a,#50594e,#6e7e76,#37565d,#594b30,#948767,#27342d,#dbded0,#0b3248,#a6afa8,#6c6b58,#ada281,#939f98
The Curse of the Black Pearl,0.14847540547077057,#558cb6,#f8eaae,#786445,#465b5f,#b2711f,#fbfdfa,#b8d5e0,#54280a,#326687,#f7c36c,#834a12,#0e2a38,#697e87,#2d3f3f,#9f845e,#de993a,#75b9f0,#1b425d,#bca786,#8da9b9
The Danish Girl,0.075885812,#898280,#575155,#dcc9c0,#6c605e,#64451d,#84655b,#37393f,#0e2c3d,#5e463e,#b8aba4,#46454b,#4c3a33,#595e6b,#705349,#a0928a,#786f6e,#412e23,#93796d,#1f4860,
The Dark Knight,0.07146588826840075,#1c687f,#221a0f,#b4bcad,#905014,#063a61,#939b8c,#e8e3d3,#444337,#ce8221,#55908c,#9e774d,#663310,#42665d,#41240f,#685a44,#74796a,#e8cd96,#d3a767,#07263e,#1c4645
The Departed,0.102183286,#6f7272,#c8cbca,#959ea8,#6d4c38,#38261e,#53372a,#eff3f3,#2e759a,#9b8069,#cc8633,#22455d,#8b8c88,#cba888,#5c5f5c,#494c46,#87624a,#abb5ba,#d3e0e4,#69849e,#373a35
The Dictator,0.157122041,#8b836b,#3d2c12,#6b512a,#3f6333,#bcd1c3,#977644,#82530f,#7a7053,#8e9e93,#b5730d,#bba583,#2a5754,#4d4b34,#846435,#363e27,#a7825c,#635f44,#ab9175,#11332f,#c3bba2
The French Dispatch,0.09321093803158366,#363636,#939491,#6f6f6e,#e1d9db,#525351,#3e291c,#725d37,#dbbc1e,#c0c3bd,#6c4d13,#82817e,#afaca6,#56402d,#5f615e,#454545,#f8f7f7,#2a445b,#4f6896,#581e0d,#847556
The Girl With The Dragon Tattoo,0.065796631,#5d8099,#3f3e24,#d2e5da,#566358,#85773b,#a0bcbd,#554008,#365261,#394842,#aa9e5a,#352d0b,#d6d593,#745d14,#1a3545,#6e7e76,#7b9ba5,#49697c,#575432,,
The Grand Budapest Hotel,0.08019558843481654,#a9573f,#6b413e,#b6b1b4,#361f1a,#512014,#de9b87,#e9b4a9,#b2181b,#8d442d,#392b40,#8c97a6,#6d707f,#ce8365,#b56c57,#4f3028,#880d11,#8c5953,#70311d,#b07b7c,#425164
The Great Gatsby,0.111254501,#a69f92,#4d534c,#c5cdc8,#866d58,#453425,#829494,#f3f8ef,#928677,#9bb2b6,#f4ef31,#dae3de,#705943,#ceb66f,#aa8c53,#3c413a,#6f7c76,#5f675f,#f0e59c,#bdb7aa,#5a4533
The Hangover,0.22010421150590906,#a19a84,#365477,#e7e9de,#4b361f,#70736c,#bdc6bd,#6c4c2c,#b2b5a6,#709ab8,#a17b29,#5f5d50,#838887,#48483d,#93b7cb,#691708,#d5bd6c,#7d684c,#928467,#d0d7cc,#537a9d
The Hobbit - The Battle of the Five Armies,0.08234709,#836f61,#9edcef,#3d1f0e,#d1cfcb,#675649,#a9b9bf,#909da1,#483e34,#eaebe7,#a08a7b,#303d40,#a55817,#758387,#5c686b,#6f3411,#c6ac97,#d7913c,#465052,,
The Hunger Games,0.072252562,#d4a719,#656968,#2d4448,#87a098,#165d63,#0d3a43,#554e4c,#537f41,#561b0b,#658c84,#a8b4a7,#3f3736,#325d2b,#86807a,#975b11,#447778,#103f1b,#721049,#3d5d5f,#d0d0bb
The Hurt Locker,0.24933091386252884,#2f3d39,#afb2aa,#4e6a68,#f4f3f1,#d7d4c9,#65452b,#7d5f49,#71837f,#4a3323,#8d9189,#515349,#e0e3de,#d5bfa7,#268fa3,#706f64,#977d68,#9ba49d,#2e5252,#bcc6c0,#e6ae41
The Imitation Game,0.07492561247860395,#4a3b32,#a6a19d,#0b0b0c,#776055,#23211e,#604c41,#d6cdc3,#757372,#311611,#5f2918,#beb8ab,#586061,#3c2920,#f3eee9,#b89282,#213f48,#815d27,#908783,#434c4e,#987564
The Intern,0.189650038,#383a47,#c4b8bd,#79747a,#e3e3e4,#734f47,#9b969f,#39201b,#50515b,#a07970,#68362f,#686267,#544640,#afa5ad,#ba920d,#8b605a,#f3f4f4,#49332a,#bc9585,#8c858d,#d2cfd3
The Irishman,0.08156488442307694,#08070b,#938e7d,#514236,#ced1bc,#341e16,#6a5545,#a1a594,#343f3f,#767c78,#79451d,#495351,#d2af76,#36302a,#522d1b,#88725a,#646760,#b0bdaf,#a96b22,#ece8d5,#7da2b1
The Judge,0.089833434,#81908e,#4b5b5e,#b1afa6,#29383b,#8c7b65,#98a29f,#5f5043,#6e685e,#e0d2ca,#226066,#4d7274,#463c30,#13444e,#3a494c,#6b7f7f,#c8c2b8,#a39180,#0b3037,,
The King's Speech,0.08844525988407953,#271815,#687370,#cbd3c3,#423327,#644d3d,#9fa59a,#485858,#768481,#5e645f,#7c6e5a,#56554d,#978f81,#363a39,#434745,#725d4c,#819693,#34251e,#514032,#b5bcae,#8a7d69
The Last Samurai,0.070903292,#ecefea,#506075,#424a52,#708cd3,#444432,#b7822e,#161d3d,#546ab3,#324274,#360501,#9fa3a4,#41539a,#72745e,#5c5d46,#918f74,#747f91,#b8c2cf,#252f54,#f1e273,#661203
The Magnificent Seven,0.141655431,#3d2e1b,#8f8d71,#c7b890,#686247,#adb49e,#503f26,#8e7d50,#4f6a5d,#dcd2b9,#b3a37a,#4e523e,#628d83,#354032,#826938,#f6f6f6,#75765f,#aa8f5c,#95a18c,#c4c8b2,#69502d
The Man From U.N.C.L.E.,0.082983174,#959e8d,#47301a,#4b5b56,#897354,#dcd4b8,#2a4a4a,#327a75,#bcb99f,#9f8d6d,#820202,#494538,#657164,#b2a689,#0b383a,#78897a,#2e3530,#654525,#6f5a40,#bd8e2c,
The Martian,0.096544386,#1b2c4d,#dcd3c8,#967b69,#9b542f,#60483a,#62686c,#4c5155,#d7b98f,#b19783,#f3f1eb,#8e9aa9,#b0b6bf,#823e20,#bf8147,#335984,#5a2d1a,#3c1c11,#3b3c3b,#7c6050,#777f88
The Meg,0.106106905,#4f7f84,#cbd2cd,#495253,#8f9792,#0b2f39,#0b4954,#2c5057,#e3e8e2,#765240,#b3bfbd,#213c44,#0d717b,#97afae,#3b3f40,#797f7a,#699c9e,#4e2b23,#5e6766,#d5a066,#39676d
The Others,0.03185991933714565,#010100,#444843,#b0afb1,#14100d,#3f3325,#74787b,#242422,#f9f4f6,#090301,#595f5b,#5e4e39,#3a3c36,#281c16,#616a6c,#d7d4d5,#4e534d,#8d8d90,#7e6c5b,#6f5d47,#4f412d
The Purge,0.061560047,#928772,#37372c,#c19a62,#e9eee7,#60807b,#69523a,#503f29,#c8caba,#5c5f55,#8ca19d,#1d6c2c,#484941,#a97123,#215b69,#163842,#743f10,#b5ab93,#412b14,#7f6d58,
The Pursuit of Happyness,0.1601101346102107,#462f21,#a9a6b5,#7e7278,#eff2f8,#696068,#837f92,#adb2d2,#524f5d,#453e44,#a28d7e,#69514b,#c5c3c9,#856756,#686986,#9792a4,#ccd1e9,#8188b9,#2b3665,#5c4133,#80151e
The Return of the King,0.05229535230411519,#6c2719,#1c1a18,#816852,#acb1a8,#1c303d,#0e161c,#675442,#ae9079,#f8f5f3,#534132,#5f858a,#383a36,#817d78,#422e22,#3d646d,#c8d1c3,#646766,#4a504f,#2a4653,#919795
The Revenant,0.129106923,#4a575f,#87979f,#c8c9c9,#29333b,#fefefe,#60737d,#9ba7ad,#546670,#6d4111,#3a4b56,#b1b7ba,#472206,#313f48,#7a8b93,#e9e8e3,#142e3b,#3c5c6c,#9e6f3a,#6d7f88,
The Shallows,0.148015134,#4b7469,#9dbda5,#3a463c,#7bb9a9,#7a684d,#085348,#0c6a5d,#d4d9c8,#5f4d35,#41311e,#769582,#23564a,#436256,#b3c9b2,#074038,#8ca691,#a38c68,#25342b,#518d84,#67806f
The Shape of Water,0.044750373402439245,#061614,#4e9a8d,#443d2b,#e0fae7,#232419,#6e6851,#c0c5bd,#0a3c3a,#57513d,#178376,#96a496,#44665e,#8ef8dc,#93163c,#80816e,#3c2311,#0e5a55,#2fd1b6,#334741,#805817
The Silence of the Lambs,0.06990519846420205,#605759,#0d090a,#c1d7d8,#96989b,#61463c,#333233,#4b4951,#b7371d,#e4f4f5,#aeb8b6,#785448,#7f8086,#84655d,#a77d6d,#412b20,#676771,#3f3d3f,#821618,#53a342,#54382d
The Social Network,0.11215264742453694,#030402,#929a9e,#544d39,#30220c,#6e777c,#888068,#4e3e21,#333630,#635c48,#836f3c,#858a8c,#babdb8,#535f64,#103259,#414848,#695028,#a59c7e,#9fa4a9,#3e2f16,#716c5b
The Theory of Everything,0.10139543542293145,#f7ecf7,#ab9480,#6b5a50,#433533,#b4b4ca,#856d5c,#eac7b7,#3f495f,#8e7e7b,#b69ea1,#885930,#5d463c,#ad805c,#d9ae84,#62381d,#402315,#7d8ea8,#5d667c,#252b43,#d8d5e6
The Truman Show,0.077660638,#42070d,#706b75,#474347,#ecedf1,#69433d,#aca6ae,#8a838f,#7e5853,#38466d,#6f131a,#a7392d,#313035,#4a332d,#5a555d,#7b97c3,#cac6ce,#c29385,#1e2f54,#9d6e68,#4b589d
The Water Diviner,0.102474387,#d0d4c6,#453d2d,#b18a50,#603b12,#689092,#3b2d1c,#7c4e17,#97b2ae,#314857,#63645a,#142b34,#a59775,#157a82,#cd9f67,#7e6339,#a8600f,#9e743b,#351d08,#cbb696,#8d7d5b
The Way Back,0.076132084,#8f928f,#383936,#d5cec1,#6a6255,#bdb9b2,#453126,#3b494c,#7e8181,#595248,#666e72,#7e7363,#a2a7a8,#4c443b,#4d5c61,#4c131b,#1f3138,#b0a28c,#e9e4da,,
The Wolf of Wall Street,0.256069795,#754a38,#a2b5bc,#feba11,#2b3236,#9e8373,#cedada,#61696e,#55433a,#a3a4a0,#4e565a,#8d6c5c,#3a4348,#c4bcae,#412f26,#b6c9cd,#ce9b1d,#735a4f,#b19b87,#858e92,#dfeff6
"Three Billboards Outside Ebbing, Missouri",0.084701275,#3e412f,#b0ae9f,#ad2138,#777a6f,#844932,#e5eadf,#5b5537,#7f161b,#979585,#ccc8ba,#dc941c,#5d3921,#777142,#626158,#17323c,#56141a,#958559,#3c5152,#402d18,#ab0e24
Top Gun,0.17030146308923447,#6f625e,#afb0b3,#673b2f,#45352e,#e1d6c8,#998d8b,#223b59,#d98171,#08203c,#69799f,#be9f8f,#edf8f2,#992b20,#8c9bc3,#475571,#847673,#b3c6e5,#b46357,#875144,#594d48
Top Gun - Maverick,0.201391322,#c1cba5,#203333,#7b5d2a,#688584,#b3bc99,#507072,#909276,#324647,#a0c3b7,#89b1ae,#cfe4cc,#997f50,#5e583f,#a4ab8d,#3b5a5e,#3b3220,#baa26d,#51442c,#b6d5c4,#736f53
Transcendence,0.120228642,#adb0ae,#654736,#c1bfba,#0d333f,#6a9192,#1a8c81,#362114,#989ea0,#3e4245,#dad0c6,#10585c,#7c5e4a,#6f7174,#b39f8b,#bc7820,#8e8884,#907461,#595758,#4e3324,#496573
Transformers,0.12343227683999963,#b1ab89,#636550,#d6ded1,#177181,#2d3d35,#919175,#f5f5f2,#d2c5a0,#05333c,#528588,#7a5720,#81785a,#b4955d,#7aa1a2,#47371a,#064a59,#4e4e39,#bc850d,#a9c1b9,#395e5b
Troy,0.118948059,#503229,#d4d6c0,#736c6f,#3a241f,#5f5556,#9dc2ed,#284655,#858691,#f2fcf6,#dc7e3d,#9e7a65,#3e637f,#d0b78f,#4c4243,#7196d7,#f9ed98,#a4aeb8,#6e4536,#86604e,#b5977c
Us,0.13265711296168797,#d4ccb7,#16110f,#6a695f,#9a988c,#3f3c35,#bcab88,#0e2433,#795e41,#8c775a,#adaa9d,#60452a,#7e8178,#463019,#af7d2f,#2ca09e,#c0baa8,#a79171,#274b56,#6d0b0f,#575145
V For Vendetta,0.084049816,#a98b70,#5a5142,#f0d579,#7599a9,#f2d628,#144757,#5d020a,#f5f7f4,#8a684b,#7bc1ce,#0d2c35,#19829e,#d7dad0,#bd831b,#667980,#7f4319,#3b5f6b,#bcafa0,#2e3b38,#4b311c
War Horse,0.10293515503178176,#8d4c1d,#283633,#c1b99d,#568097,#4b5755,#dde8e8,#686846,#94b8c2,#403c2d,#133359,#354845,#9f9681,#5e6c6d,#5c1d10,#535038,#b28734,#839da3,#7b8481,#bfd0d4,#305971
War of the Worlds,0.137654711,#655e54,#a3a9a9,#f4efec,#462719,#6e7f87,#a2c6cf,#78a3b3,#226078,#8c918f,#42535b,#173e51,#3a8aa4,#817869,#51453a,#b99a78,#d3dcd9,#576972,#8f5620,#343f43,#c5c2ba
Whiplash,0.166755895,#f8f8f8,#9e6824,#a4a878,#c1c5c0,#3e3918,#206c4e,#acb0ac,#7c4311,#636e57,#c6a24c,#d7c885,#d6d8cf,#422107,#8b8851,#7e9386,#655c29,#1f3727,#5c2f0b,#434c3a,#e7e6e3
Wonder Woman,0.104901645,#79938a,#123e43,#a5c4b6,#5c574b,#ab8b62,#402b16,#15747e,#dcdbbe,#91642f,#6aafae,#97aa9c,#747365,#3e6562,#dbbd7c,#624420,#27a5a8,#508584,#3b443e,#dca01e,#13565d
Wonder Woman 1984,0.13703871,#abab83,#566c6e,#ecfadb,#414f4a,#c3e3c5,#787e62,#9ebbb5,#13616c,#5e4328,#173a43,#e5e4b0,#7a9491,#c6c69a,#626249,#363b31,#620b17,#229f9f,#98926b,#8f6c43,#3d2615
World War Z,0.133854201,#315052,#879a94,#736d5f,#eaf3e9,#695b45,#b1c4b9,#871c13,#b47134,#556059,#394037,#a1967f,#1f3739,#d0b285,#497174,#71827c,#4e412c,#a5afa0,#d3d7c6,#41170e,#8c7f6c
Wrath of the Titans,0.15200607693266935,#bbc0b8,#81623f,#3f4134,#f9f9f4,#cf9f61,#4b3118,#467575,#6c8f90,#a7611d,#255454,#7a3e15,#a18f74,#e1dccc,#5e4a2f,#b8a78e,#a57c4e,#5f5d4c,#da9324,#827761,#e3c396
Zero Dark Thirty,0.3080637481557979,#94b0c4,#f5f5f6,#466374,#355060,#6d899c,#c0d9ea,#5b5846,#8c887d,#cbc9c7,#597688,#253e4c,#754814,#a3a098,#dee3eb,#756f62,#819cb0,#182c38,#b6b4af,#3d3728,#a9c4d8
Zodiac,0.1041371609365472,#292111,#8f9e7d,#5f6753,#d5e6be,#485344,#828c6e,#96be9f,#213e42,#a69353,#77795a,#bdcda4,#627b6f,#584521,#3a4030,#60a78d,#3d3018,#856923,#655c37,#346164,#a6af86
